latitude,longitude,resolved_locality
23.8206,90.4274,Kuril
23.817352,90.431394,Bashundhara Residential Area
21.8158,90.1254,
22.6552,89.778,
22.77792,89.70845,
21.8156,90.1385,
22.70203,90.3752,
22.7364,90.8685,
22.69662,90.36086,
22.6958,90.3614,
21.8151,90.122,
21.8165,90.1329,
22.67112,89.74728,
21.8154,90.1379,
21.8159,90.1253,
21.8159,90.1254,
21.8167,90.1238,
21.8156,90.138,
21.8168,90.1238,
21.8187,90.121,
21.82626,90.10754,
21.8169,90.1236,
21.8155,90.1382,
21.8155,90.138,
21.8154,90.1376,
21.8156,90.1381,
21.8156,90.1377,
21.8155,90.1378,
21.8159,90.1252,
21.8156,90.1379,
21.8153,90.1379,
21.8158,90.1253,
21.8185,90.1211,
21.8157,90.1253,
21.8166,90.1239,
21.8167,90.1239,
22.5793,89.9763,
22.74146,90.10266,
22.535523,89.868471,
22.15782,90.11258,
22.7442,90.09845,Sarengkathi Union
23.814352,90.433873,Bashundhara Residential Area
23.818177,90.431566,Bashundhara Residential Area
23.8201,90.4404,Bashundhara Residential Area
23.8204,90.4273,Kuril
23.8171,90.4331,Bashundhara Residential Area
23.61518,89.84575,
23.62313,89.81609,
23.57574,89.79318,
24.0602,90.0231,
24.00778,89.22223,
24.363082,88.605115,Talaimari
24.37018,88.623208,Talaimari
24.37731,88.59719,Kadirgonj
24.363739,88.602796,SagorPara
24.3664,88.6672,
24.362454,88.631671,Talaimari
24.370332,88.606942,Beldarpara
24.3627,88.6023,SagorPara
24.3679,88.5893,Kadirgonj
24.39167,88.53162,
24.36723,88.60004,Sultanabad
24.374128,88.851247,
24.37035,88.59038,Kadirgonj
24.37512,88.60713,Kadirgonj
24.36666,88.6006,Sultanabad
24.36498,88.59942,Sultanabad
24.37507,88.60862,Kadirgonj
24.36495,88.59965,Sultanabad
24.3762,88.6434,Talaimari
24.40784,88.61257,
24.3657,88.6673,
24.36609,88.59946,Sultanabad
24.3739,88.60872,Beldarpara
24.37304,88.60638,Sultanabad
24.37404,88.6085,Kadirgonj
24.37341,88.60865,Beldarpara
23.825791,90.433975,Bashundhara Residential Area
23.8206,90.4273,Kuril
23.8225,90.4378,Bashundhara Residential Area
23.8206,90.4272,Kuril
24.36601,88.5997,Sultanabad
24.37467,88.60665,Kadirgonj
24.37452,88.60634,Kadirgonj
24.36668,88.60066,Sultanabad
24.36505,88.60101,SagorPara
24.36499,88.59952,Sultanabad
24.37297,88.60794,Beldarpara
24.36539,88.59998,Talaimari
24.36733,88.5996,Sultanabad
24.36636,88.59983,Sultanabad
24.36509,88.60102,SagorPara
24.37308,88.60784,Beldarpara
24.37528,88.60789,Kadirgonj
24.37477,88.60841,Kadirgonj
24.37488,88.6072,Kadirgonj
24.37361,88.6066,Sultanabad
24.37333,88.6083,Beldarpara
24.365,88.60115,SagorPara
24.3745,88.60792,Kadirgonj
24.36622,88.59952,Sultanabad
24.36514,88.60089,SagorPara
24.37524,88.60858,Kadirgonj
24.3667,88.59952,Sultanabad
24.36683,88.59983,Sultanabad
24.36679,88.59974,Sultanabad
24.36736,88.60064,Sultanabad
22.362227,91.807099,Khulshi
22.6531,92.1968,
22.3627,91.8518,
22.65745,92.16805,
22.6353,92.1818,
22.36207,91.833212,
22.366056,91.799232,Khulshi
22.361818,91.809323,Khulshi
22.36149,91.82036,Amirbag Abashik Alaka
22.3608,91.8138,Khulshi
22.3566,91.8262,Amirbag Abashik Alaka
22.3373,91.8319,Agrabad
22.35838,91.82508,Amirbag Abashik Alaka
22.346332,91.838789,
22.377004,91.83172,Oxygen
22.3641,91.8149,Khulshi
22.37098,91.81937,
22.3788,91.829677,Paschim Sholosahar
22.71605,89.0721,
22.72892,89.08044,
23.0133,89.3944,
23.8202,90.4405,Bashundhara Residential Area
23.82178,90.36857,Mirpur
23.8177,90.3631,Mirpur
23.807766,90.376877,Mirpur
22.7484,89.25953,
22.340359,89.107829,
22.34279,89.10494,
22.34246,89.10437,
23.28624,90.35428,
23.33774,90.18809,
23.1764,90.2035,
23.2194,90.0813,
23.2299,90.6612,Puran Bazar
22.9951,90.1477,
23.232309,90.663898,Nazirpara
23.5058,90.2727,
25.074125,90.148981,
24.447,89.6444,
24.3117,89.5691,
23.8684,90.3912,Uttara
23.810573,90.368216,Mirpur
23.8131,90.3617,Mirpur
23.8047,90.3677,Borobagh
23.80959,90.35609,Borobagh
23.808441,90.377109,Senpara Porbota
23.8151,90.4437,Bashundhara Residential Area
23.8204,90.372,Mirpur
23.8641,90.395,Uttara
23.85994,90.40073,Azampur
23.8469,90.5247,Sector 6
23.866897,90.32012,Ashulia Model Town
23.8169,90.4283,Kuril
23.85749,90.35346,Diabari
23.816699,90.431503,Bashundhara Residential Area
23.826775,90.361772,Pallabi
23.8644,90.3865,Uttara
23.820516,90.440896,Bashundhara Residential Area
23.8215,90.4406,Bashundhara Residential Area
23.769711,90.356759,Adabar
24.3249,89.5424,
23.776008,90.360149,Adabar
24.31351,89.56972,
23.8129,90.4278,Kuril
23.813,90.3548,Pallabi
23.8055,90.3601,Borobagh
23.8007,90.3624,Borobagh
23.82818,90.37144,Mirpur
23.8551,90.3584,Mirpur Cantonment
23.81252,90.36343,Mirpur
23.754098,90.405408,Mogbazar
23.81,90.4359,Solmaid
23.824528,90.364889,Mirpur
23.80083,90.35037,Bishil
23.816331,90.431604,Bashundhara Residential Area
23.87247,90.38093,Nalbhog
23.8242,90.4333,Bashundhara Residential Area
23.822172,90.438813,Bashundhara Residential Area
23.82238,90.4334,Bashundhara Residential Area
24.105667,90.508588,
23.867597,90.28554,
23.8573,90.3564,Diabari
23.80491,90.38211,Ibrahimpur
23.82728,90.41959,Khilkhet
23.868232,90.370859,Diabari
23.775,90.3521,Adabar
23.874514,90.382714,Nalbhog
23.8208,90.4276,Kuril
23.85938,90.39977,Sector 1
23.8557,90.3566,Mirpur Cantonment
23.99745,90.4269,Joydebpur
23.8098,90.3645,Mirpur
23.826512,90.373291,Mirpur
23.8131,90.3661,Mirpur
23.821722,90.439974,Bashundhara Residential Area
23.8227,90.4399,Bashundhara Residential Area
23.74703,90.40176,Mogbazar
23.8123,90.4282,Kuril
23.8759,90.3866,Uttara
23.8187,90.358,Pallabi
23.8684,90.3947,Uttara
23.8251,90.4387,Bashundhara Residential Area
23.8126,90.4299,Kuril
23.7987,90.3704,Kazipara
23.87168,90.38572,Uttara
23.820926,90.427648,Kuril
23.868696,90.394992,Uttara
23.815166,90.434075,Bashundhara Residential Area
23.819771,90.442618,Bashundhara Residential Area
23.8104,90.437,Solmaid
23.8224,90.4571,Dumni
23.868852,90.392801,Uttara
23.7552,90.405,Mogbazar
23.8661,90.3975,Uttara
23.8209,90.4393,Bashundhara Residential Area
23.783171,90.395561,Mohakhali
23.7671,90.421,Rampura
24.10579,90.50924,
23.8208,90.4525,Bashundhara Residential Area
23.83113,90.46309,Dumni
23.823633,90.433017,Bashundhara Residential Area
23.8162,90.4273,Kuril
23.819246,90.432349,Bashundhara Residential Area
23.794,90.3608,Ahmed Nagar
23.83585,90.36613,Mirpur Cantonment
23.87545,90.39349,Uttara
23.8088,90.4281,Solmaid
24.1028,90.3971,
24.2581,89.9207,
23.82161,90.42911,Kuril
23.8045,90.3815,Ibrahimpur
23.86282,90.39744,Uttara
23.868368,90.38504,Uttara
23.7677,90.3548,Adabar
23.8201,90.4274,Kuril
23.77425,90.35705,Adabar
23.989758,90.387024,Chandona
23.8211,90.42633,Kuril
23.821197,90.431408,Bashundhara Residential Area
23.77267,90.35198,Adabar
23.869388,90.381043,Nalbhog
23.812999,90.436086,Bashundhara Residential Area
23.81932,90.426243,Kuril
23.8397,90.4935,Sector 11
23.74601,90.39859,Kawran Bazar
23.8721,90.4021,Sector 6
23.8708,90.3824,Nalbhog
23.771836,90.097349,
23.876329,90.382158,Nalbhog
23.873,90.3899,Uttara
23.8416,90.3652,Mirpur Cantonment
23.795293,90.359727,Ahmed Nagar
24.866376,89.367236,Uposhohor
23.7576,90.4174,Noyatola
23.8561,90.3545,Mirpur Cantonment
23.8207,90.4272,Kuril
23.81787,90.35846,Pallabi
23.870536,90.381468,Nalbhog
23.781496,90.370171,Agargaon
23.876897,90.393817,Uttara
23.81243,90.41149,Joar Sahara
25.80041,88.96477,
23.80374,90.39624,Dhaka Cantonment
23.671371,90.427867,Basundhara Riverview
23.6993,90.4574,Sanarpar
23.7133,90.3996,Armanitola
23.86763,90.28587,
23.911287,90.216597,
23.85284,90.36149,Mirpur Cantonment
23.852706,90.357259,Mirpur Cantonment
23.91855,90.26076,Savar Cantonment
23.880673,90.273392,Bishmile
23.92115,90.26116,Savar Cantonment
23.836635,90.36522,Mirpur Cantonment
23.86612,90.28543,
23.8675,90.3711,Diabari
23.842559,90.365607,Mirpur Cantonment
23.85441,90.360866,Diabari
23.8378,90.3706,Mirpur Cantonment
23.838508,90.365721,Mirpur Cantonment
23.8711,90.3911,Uttara
23.85587,90.35495,Mirpur Cantonment
23.8352,90.4158,Khilkhet
23.835,90.4162,Khilkhet
23.832649,90.417613,Khilkhet
23.824684,90.431158,Bashundhara Residential Area
23.835419,90.41842,Khilkhet
23.819993,90.426921,Kuril
23.835484,90.415596,Khilkhet
23.82571,90.4341,Bashundhara Residential Area
23.8242,90.4308,Bashundhara Residential Area
23.82022,90.42831,Kuril
23.8174,90.4354,Bashundhara Residential Area
23.81788,90.426816,Kuril
23.81467,90.41476,Joar Sahara
23.82128,90.429071,Kuril
23.8363,90.4177,Khilkhet
23.8205,90.4273,Kuril
23.8211,90.43259,Bashundhara Residential Area
23.82018,90.43068,Bashundhara Residential Area
23.8165,90.4294,Kuril
23.81886,90.42657,Kuril
23.8212,90.4381,Bashundhara Residential Area
23.8352,90.416,Khilkhet
23.81526,90.41492,Joar Sahara
23.817513,90.426421,Kuril
23.821779,90.428857,Kuril
23.815293,90.414376,Joar Sahara
23.8257,90.4314,Bashundhara Residential Area
23.820433,90.434592,Bashundhara Residential Area
23.818903,90.427514,Kuril
23.86289,90.38672,Uttara
23.81401,90.41527,Joar Sahara
23.82185,90.434322,Bashundhara Residential Area
23.82059,90.42868,Kuril
23.818526,90.428281,Kuril
23.8123,90.4283,Solmaid
23.818712,90.426786,Kuril
23.863269,90.386817,Uttara
23.8241,90.4323,Bashundhara Residential Area
23.8641,90.3965,Uttara
23.81516,90.41351,Joar Sahara
23.824928,90.428907,Solmaid
23.819559,90.428287,Kuril
23.81915,90.43068,Bashundhara Residential Area
23.8251,90.4389,Bashundhara Residential Area
23.819988,90.430469,Bashundhara Residential Area
23.82007,90.42815,Kuril
23.8765,90.38,Nalbhog
23.864391,90.395874,Uttara
23.8384,90.3709,Mirpur Cantonment
23.778943,90.368528,Shyamoli
23.81446,90.41478,Joar Sahara
23.7935,90.3736,Shewrapara
23.7945,90.3608,Ahmed Nagar
23.778,90.36245,Kallyanpur
23.8038,90.38239,Senpara Porbota
23.8103,90.3635,Mirpur
23.81892,90.35689,Pallabi
23.7772,90.3667,Shyamoli
23.80696,90.37921,Senpara Porbota
23.7949,90.3817,Ibrahimpur
23.806463,90.355273,Borobagh
23.80807,90.3554,Borobagh
23.77849,90.36782,Shyamoli
23.7871,90.3631,Paikpara
23.7144,90.4017,Armanitola
23.734458,90.385685,Shahbag
23.71921,90.38205,Lalbag
23.7194,90.3899,Lalbag
23.79786,90.43222,Bhatara
23.8147,90.4437,Bashundhara Residential Area
23.818,90.4448,Bashundhara Residential Area
23.7671,90.4212,Rampura
23.7654,90.4152,Rampura
23.812389,90.430387,Solmaid
23.7667,90.4282,Aftabnagar
23.74587,90.40599,Mogbazar
23.74519,90.40637,Shiddheswari
23.74534,90.40656,Shiddheswari
23.7564,90.41387,Noyatola
23.7271,90.3728,Pilkhana
23.754971,90.409472,Noyatola
23.75666,90.41476,Noyatola
23.7332,90.3838,Pilkhana
23.7954,90.4277,Shahjadpur
23.795718,90.431799,Nurer Chala
23.76649,90.41344,Noyatola
22.4493,89.5481,
22.45744,89.54549,
22.1935,92.2143,Maddhampara
22.12616,92.14975,
22.104,92.0305,
22.115424,92.012332,
22.91334,90.80734,
22.975,90.94,
24.02638,90.99625,
22.3637,91.8,Khulshi
22.3571,91.82722,Nasirabad
22.36298,91.82796,
22.3669,91.8291,
22.37806,91.85498,
22.3563,91.8107,Khulshi
22.34829,91.81825,
22.36432,91.799689,Khulshi
22.36037,91.82105,Amirbag Abashik Alaka
22.4376,91.7509,Bhatiari
22.3297,91.802,Agrabad
22.3622,91.8176,
22.35711,91.81085,Khulshi
22.356013,91.82723,Amirbag Abashik Alaka
22.357447,91.82722,Nasirabad
22.2279,91.8438,
22.376781,91.849646,
22.34081,91.83539,Jamalkhan
22.362334,91.812485,Khulshi
22.3593,91.8124,Khulshi
22.3625,91.8222,Nasirabad
22.3573,91.8186,Khulshi
22.3659,91.8137,Khulshi
22.3574,91.8119,Khulshi
22.3606,91.8265,Nasirabad
22.3567,91.8105,Khulshi
22.3616,91.8126,Khulshi
22.35523,91.82956,Amirbag Abashik Alaka
22.35106,91.8212,
22.37972,91.85693,
22.338211,91.780813,HaliShohor
22.2499,91.8178,
22.3613,91.8235,Nasirabad
22.3635,91.784,Khulshi
22.36773,91.79995,Khulshi
22.35248,91.82221,Amirbag Abashik Alaka
22.3549,91.8221,Amirbag Abashik Alaka
22.33483,91.81326,Agrabad
22.33021,91.84645,
22.35969,91.82221,Nasirabad
22.32267,91.8111,Agrabad
22.37342,91.7853,Khulshi
22.3599,91.822,Nasirabad
22.35281,91.82234,Amirbag Abashik Alaka
22.37949,91.81575,Khulshi
22.38755,91.83351,Oxygen
22.35091,91.82111,
22.3567,91.86415,
22.3635,91.7838,Khulshi
22.35014,91.81678,
22.35511,91.82477,Amirbag Abashik Alaka
22.3538,91.7668,HaliShohor
22.3516,91.82243,Amirbag Abashik Alaka
22.36692,91.82988,
22.3477,91.78513,HaliShohor
22.3619,91.8016,Khulshi
22.3813,91.8496,
22.34618,91.83611,Jamalkhan
22.33333,91.8204,Agrabad
22.33313,91.82192,Agrabad
22.37736,91.84593,
22.36243,91.79979,Khulshi
21.409735,91.988383,Hotel Motel Zone
21.2317,92.0496,Ukhia Upazila
21.413713,91.98243,Hotel Motel Zone
21.40806,91.991167,Hotel Motel Zone
21.438812,91.977254,Hotel Motel Zone
21.428127,92.005257,Hotel Motel Zone
21.4283,92.00489,Hotel Motel Zone
21.4399,91.9765,Hotel Motel Zone
21.440551,91.970677,Hotel Motel Zone
21.41795,91.98379,Hotel Motel Zone
21.358523,92.023719,Ramu Upazila
21.423536,91.980949,Hotel Motel Zone
21.4187,91.983,Hotel Motel Zone
21.28229,92.07599,Ukhia Upazila
21.425984,91.979797,Hotel Motel Zone
21.4238,91.9811,Hotel Motel Zone
21.407932,91.988254,Hotel Motel Zone
21.42786,92.00666,Cox's Bazar Sadar Upazila
21.4242,91.97901,Hotel Motel Zone
21.356683,92.022494,Ramu Upazila
21.418627,91.991941,Hotel Motel Zone
21.411938,91.989766,Hotel Motel Zone
21.407636,91.988428,Hotel Motel Zone
21.42148,91.98319,Hotel Motel Zone
21.4161,91.9858,Hotel Motel Zone
21.236613,92.048953,Ukhia Upazila
21.21513,92.04914,Ukhia Upazila
21.4262,91.9792,Hotel Motel Zone
21.40964,91.987566,Hotel Motel Zone
21.424646,92.002833,Cox's Bazar Sadar Upazila
21.4161,91.9851,Hotel Motel Zone
21.23739,92.05018,Ukhia Upazila
21.4245,91.9758,Hotel Motel Zone
,,
22.3642,91.7989,Khulshi
22.3651,91.7994,Khulshi
22.363458,91.807989,Khulshi
21.42636,92.00669,Cox's Bazar Sadar Upazila
21.2636,92.0909,Ukhia Upazila
21.42039,91.98304,Hotel Motel Zone
21.42606,92.00609,Cox's Bazar Sadar Upazila
21.4163,91.98489,Hotel Motel Zone
21.426,91.9758,Hotel Motel Zone
21.42422,91.98175,Hotel Motel Zone
21.42701,91.97576,Hotel Motel Zone
21.4087,91.9888,Hotel Motel Zone
21.407754,91.989186,Hotel Motel Zone
21.40783,91.988978,Hotel Motel Zone
21.4161,91.9853,Hotel Motel Zone
21.42641,91.9784,Hotel Motel Zone
21.42036,92.00122,Cox's Bazar Sadar Upazila
21.41808,92.01088,Cox's Bazar Sadar Upazila
21.28467,92.05565,Ukhia Upazila
21.4191,91.984,Hotel Motel Zone
21.41588,91.9847,Hotel Motel Zone
21.416321,91.985893,Hotel Motel Zone
21.42843,91.97979,Hotel Motel Zone
21.23123,92.05473,Ukhia Upazila
21.4434,91.9687,Hotel Motel Zone
21.4201,91.9833,Hotel Motel Zone
21.42524,91.98016,Hotel Motel Zone
21.4235,91.9814,Hotel Motel Zone
21.42677,91.97823,Hotel Motel Zone
21.4164,91.9865,Hotel Motel Zone
21.408419,91.989671,Hotel Motel Zone
21.416,91.9858,Hotel Motel Zone
21.416,91.9851,Hotel Motel Zone
21.41642,91.98536,Hotel Motel Zone
21.41976,91.98376,Hotel Motel Zone
21.42415,91.98028,Hotel Motel Zone
21.42563,91.97807,Hotel Motel Zone
21.41565,91.98456,Hotel Motel Zone
21.42556,91.97988,Hotel Motel Zone
21.4262,91.9763,Hotel Motel Zone
21.44117,91.98487,Hotel Motel Zone
21.42644,91.97849,Hotel Motel Zone
21.42561,91.97962,Hotel Motel Zone
21.41507,91.98531,Hotel Motel Zone
21.42539,91.97848,Hotel Motel Zone
21.42715,91.97868,Hotel Motel Zone
21.42253,91.98043,Hotel Motel Zone
21.42655,92.00656,Cox's Bazar Sadar Upazila
21.4165,91.9853,Hotel Motel Zone
21.422,91.9817,Hotel Motel Zone
23.8757,90.3885,Uttara
23.86523,90.386,Uttara
21.4261,91.9761,Hotel Motel Zone
21.42885,91.97786,Hotel Motel Zone
21.42107,91.98252,Hotel Motel Zone
21.42349,91.97951,Hotel Motel Zone
21.4263,91.9763,Hotel Motel Zone
21.42404,91.9817,Hotel Motel Zone
21.42521,91.97844,Hotel Motel Zone
21.41748,91.98631,Hotel Motel Zone
21.42397,91.98063,Hotel Motel Zone
21.42328,91.98273,Hotel Motel Zone
21.4021,91.9943,Hotel Motel Zone
21.42654,91.97591,Hotel Motel Zone
21.44113,91.97136,Hotel Motel Zone
21.44601,91.97554,Cox's Bazar Sadar Upazila
21.2309,92.05471,Ukhia Upazila
21.42698,91.98015,Hotel Motel Zone
21.3225,92.0375,Ramu Upazila
21.42832,91.97938,Hotel Motel Zone
21.41597,91.9845,Hotel Motel Zone
21.42362,91.98131,Hotel Motel Zone
21.42481,91.98031,Hotel Motel Zone
21.4155,91.98652,Hotel Motel Zone
21.42224,91.98055,Hotel Motel Zone
21.41717,91.98519,Hotel Motel Zone
21.42632,91.97848,Hotel Motel Zone
21.4261,91.976,Hotel Motel Zone
21.42843,91.9778,Hotel Motel Zone
21.42447,91.98125,Hotel Motel Zone
21.42624,91.97739,Hotel Motel Zone
21.42542,91.97853,Hotel Motel Zone
21.42548,91.97827,Hotel Motel Zone
21.426,91.9762,Hotel Motel Zone
21.42346,91.98326,Hotel Motel Zone
21.42314,91.98152,Hotel Motel Zone
21.42356,91.97936,Hotel Motel Zone
21.42683,91.98023,Hotel Motel Zone
21.4272,92.0058,Cox's Bazar Sadar Upazila
21.42868,91.97976,Hotel Motel Zone
21.4266,91.97797,Hotel Motel Zone
21.42259,91.98136,Hotel Motel Zone
21.4263,91.9759,Hotel Motel Zone
21.42463,91.97931,Hotel Motel Zone
21.4262,91.9762,Hotel Motel Zone
21.42661,91.97819,Hotel Motel Zone
21.42354,91.97941,Hotel Motel Zone
23.86491,90.38731,Uttara
23.8651,90.4006,Sector 4
23.876673,90.379283,Nalbhog
23.8703,90.3914,Uttara
23.8641,90.3966,Uttara
21.42403,91.9798,Hotel Motel Zone
21.42256,91.97963,Hotel Motel Zone
21.42274,91.98167,Hotel Motel Zone
21.4261,91.9763,Hotel Motel Zone
21.42316,91.98039,Hotel Motel Zone
21.42638,91.97972,Hotel Motel Zone
21.42281,91.98168,Hotel Motel Zone
21.42251,91.98127,Hotel Motel Zone
21.41713,91.98486,Hotel Motel Zone
21.41505,91.98502,Hotel Motel Zone
21.42505,91.97848,Hotel Motel Zone
21.42269,91.98097,Hotel Motel Zone
21.4262,91.976,Hotel Motel Zone
21.42627,91.97927,Hotel Motel Zone
21.42051,91.98416,Hotel Motel Zone
21.42707,91.97915,Hotel Motel Zone
21.42335,91.9811,Hotel Motel Zone
21.42233,91.98135,Hotel Motel Zone
21.4262,91.9759,Hotel Motel Zone
21.42538,91.97792,Hotel Motel Zone
21.42352,91.98062,Hotel Motel Zone
21.4265,91.97796,Hotel Motel Zone
21.4261,91.9762,Hotel Motel Zone
21.4257,91.9762,Hotel Motel Zone
21.42483,91.97943,Hotel Motel Zone
21.42339,91.98082,Hotel Motel Zone
21.42722,91.97779,Hotel Motel Zone
21.4269,91.97952,Hotel Motel Zone
21.42321,91.98112,Hotel Motel Zone
21.4219,91.98264,Hotel Motel Zone
21.4233,91.98092,Hotel Motel Zone
21.42502,91.97937,Hotel Motel Zone
21.4262,91.9761,Hotel Motel Zone
21.42512,91.97908,Hotel Motel Zone
21.42821,91.9786,Hotel Motel Zone
21.4235,91.97968,Hotel Motel Zone
21.4263,91.9762,Hotel Motel Zone
21.4259,91.9761,Hotel Motel Zone
21.42268,91.9815,Hotel Motel Zone
21.42703,91.97778,Hotel Motel Zone
21.42436,91.98163,Hotel Motel Zone
21.42763,91.97873,Hotel Motel Zone
21.42315,91.98164,Hotel Motel Zone
21.42865,91.97832,Hotel Motel Zone
23.877352,90.369858,Diabari
23.8702,90.3914,Uttara
23.87177,90.38143,Nalbhog
23.866,90.3679,Diabari
23.87373,90.38265,Nalbhog
21.42501,91.9798,Hotel Motel Zone
21.42739,91.97994,Hotel Motel Zone
21.4284,91.97847,Hotel Motel Zone
21.42437,91.98117,Hotel Motel Zone
21.42431,91.97977,Hotel Motel Zone
21.42493,91.98051,Hotel Motel Zone
21.42332,91.981,Hotel Motel Zone
21.41932,91.98276,Hotel Motel Zone
21.426,91.976,Hotel Motel Zone
21.42263,91.98039,Hotel Motel Zone
21.42426,91.98033,Hotel Motel Zone
21.42363,91.9797,Hotel Motel Zone
21.42155,91.9832,Hotel Motel Zone
23.46341,91.17464,Jhautola
23.46622,91.17837,Jhautola
23.4634,91.182,Kandirpar
23.45048,91.17917,Kandirpar
23.52334,91.04918,
23.468,91.1524,Shashongachha
23.44887,91.17915,Chartha
23.434932,91.107917,Madinagar
23.44995,91.17948,Chartha
23.44899,91.17953,Chartha
23.44995,91.17797,Chartha
23.44931,91.17792,Chartha
23.45092,91.17936,Kandirpar
23.01945,91.38813,
22.836,91.242,
22.8246,91.1017,Sonapur
22.77829,91.57213,
22.87213,91.09845,
23.2456,91.28387,
23.28271,91.12325,
22.62438,91.66615,
23.0212,91.09185,
25.3786,88.9945,
25.3631,89.003,
23.978958,91.102848,
24.675,91.778,
24.3212,91.7371,
23.878375,90.387102,Nalbhog
23.855677,90.383606,Baunia
23.862907,90.392767,Uttara
23.876118,90.395216,Uttara
23.86477,90.40086,Sector 4
24.48733,91.7624,
24.31011,91.73486,
24.674623,91.778238,
23.16544,89.22173,দড়াটানা
23.16507,89.21726,দড়াটানা
23.17004,89.51338,
23.16127,89.20903,দড়াটানা
23.1542,89.1962,Chachra
23.154753,89.197353,Chachra
23.1504,89.2217,Murli
23.17458,89.21155,নিউ মার্কেট
23.17475,89.20988,দড়াটানা
23.16412,89.20993,দড়াটানা
23.1648,89.2107,দড়াটানা
25.25524,89.24141,
25.25473,89.24125,
22.80688,89.576478,Tootpara
22.8075,89.5476,Arambagh
22.81923,89.54771,Goborchaka
22.8189,89.5421,Pabla
22.80615,89.54297,Banorgati
22.82278,89.54021,Sonadanga
22.8072,89.55053,Arambagh
22.531039,89.589444,Digraj
24.41829,91.06203,
24.20732,90.44895,
24.054,90.9812,
23.862513,90.391008,Uttara
23.872003,90.385065,Uttara
23.86981,90.39478,Uttara
23.8669,90.3981,Uttara
23.866826,90.389451,Uttara
25.5776,89.8355,
22.9073,89.8985,
25.09859,89.03448,
24.850022,89.378253,Natai Para
24.9702,88.4824,
25.25289,89.2477,
24.845,89.3679,Seujgari
23.9337,90.71311,
23.9275,90.7038,
23.81801,90.43618,Bashundhara Residential Area
23.819459,90.426657,Kuril
24.07386,90.72435,
23.984813,90.658654,
23.871,90.384,Uttara
23.6222,90.5706,
23.8367,90.4855,Sector 1
23.819118,90.42685,Kuril
23.608146,90.48841,
23.9793,90.5438,
23.8173,90.4354,Bashundhara Residential Area
23.875979,90.380713,Nalbhog
23.94817,90.45835,Joydebpur
23.87105,90.38292,Nalbhog
23.888,90.3748,Dhour
23.9621,90.549,
23.81975,90.42992,Bashundhara Residential Area
23.8709,90.382,Nalbhog
23.7136,90.3426,
23.8249,90.4352,Bashundhara Residential Area
23.8291,90.4186,Khilkhet
23.81141,90.42892,Solmaid
23.7848,90.397,Mohakhali
23.86728,90.39122,Uttara
23.8763,90.3886,Uttara
23.8753,90.3834,Nalbhog
23.8727,90.40447,Sector 6
23.86296,90.39618,Uttara
23.857183,90.355249,Mirpur Cantonment
23.71658,90.38855,Lalbag
23.85831,90.3553,Diabari
25.498272,88.958623,
25.75673,89.23244,
25.75893,89.25275,
25.750109,89.243318,
25.744582,89.274427,
25.75146,89.2668,
25.51453,89.03717,
23.90729,89.1362,
24.13322,89.58566,Baghabari
24.1288,89.07735,
23.8626,90.39106,Uttara
23.86884,90.39398,Uttara
23.86243,90.39754,Uttara
23.8578,90.3548,Diabari
23.863433,90.395232,Uttara
23.87094,90.39031,Uttara
23.8698,90.37952,Nalbhog
23.86379,90.3869,Uttara
23.8724,90.3903,Uttara
23.86335,90.38531,Uttara
23.849691,90.376608,Baunia
22.3548,90.602,
22.703678,90.370602,
22.65226,90.26108,
22.6776,90.6429,
22.69504,90.3618,
22.778333,89.724451,
22.59,89.8484,
22.702143,90.371497,
21.81805,90.12149,
24.77814,90.36833,
24.69814,90.43341,
24.7571,90.4012,
24.757807,90.394817,
24.757011,90.394424,
24.76389,90.25014,
24.752948,90.406586,
24.756289,90.394372,
24.7574,90.3939,
24.756345,90.394433,
24.75627,90.394926,
24.758509,90.393363,
24.757177,90.394541,
24.758016,90.393486,
24.757694,90.39289,
24.8885,90.7156,
24.87191,90.72755,
24.8451,90.7311,
24.87272,90.71964,চল্লিশা
24.86086,90.73154,
25.329,89.5415,
25.3092,89.5427,
25.309,89.5427,
25.3092,89.5426,
25.3091,89.5426,
25.309,89.5425,
25.3088,89.5426,
25.3097,89.5427,
24.7006,88.6778,
24.8764,91.8566,South Surma
24.931307,91.866998,
24.80681,91.85716,
24.87448,92.039797,
24.95306,91.8635,
24.85842,92.01461,
24.8863,91.8846,Tilagar
24.9022,91.8877,Tilagar
24.8867,91.882,Tilagar
24.88877,91.88613,Tilagar
24.88506,91.88044,Tilagar
24.8859,91.88596,Tilagar
24.898,91.8944,Tilagar
24.9359,91.9835,
24.90402,91.87589,South Surma
24.90274,91.85956,South Surma
24.8958,91.859,South Surma
24.90006,91.91601,Tilagar
24.90461,91.90887,Tilagar
24.88895,91.89411,Tilagar
24.90795,91.85663,South Surma
24.891638,91.887354,Tilagar
24.89397,91.88825,Tilagar
24.8879,91.8873,Tilagar
24.90467,91.90884,Tilagar
24.89508,91.86758,South Surma
24.90388,91.86793,South Surma
24.91228,91.8725,South Surma
24.895726,91.872706,South Surma
24.90333,91.90632,Tilagar
24.8154,92.0236,
24.9077,91.8559,South Surma
24.886,91.8859,Tilagar
24.9542,91.8609,
24.88884,91.88527,Tilagar
24.8951,91.8688,South Surma
24.9555,91.8549,
24.931992,91.980894,
24.895708,91.867922,South Surma
24.89761,91.89657,Tilagar
24.8927,91.86565,South Surma
24.90418,91.86034,South Surma
24.8946,91.8898,Tilagar
24.85014,92.02375,
24.88626,91.88437,Tilagar
24.916447,91.883653,Tilagar
24.8884,91.8742,South Surma
24.9099,91.8638,South Surma
24.8967,91.8683,South Surma
24.90795,91.8406,South Surma
24.89497,91.88647,Tilagar
24.85689,92.01408,
24.89594,91.86776,South Surma
24.88709,91.88513,Tilagar
24.80847,91.85665,
24.899694,91.851422,South Surma
24.9007,91.8839,Tilagar
24.88944,91.86825,South Surma
24.96596,91.87834,
24.907361,91.93068,
24.91628,91.88174,Tilagar
24.88605,91.83167,South Surma
24.9073,91.8725,South Surma
24.96679,91.8912,
24.96822,91.89134,
24.9077,91.8682,South Surma
24.89549,91.88034,South Surma
24.895993,91.866205,South Surma
24.8894,91.8911,Tilagar
24.89183,91.89159,Tilagar
24.89405,91.89095,Tilagar
24.893609,91.88113,Tilagar
24.89367,91.86835,South Surma
24.9024,91.91526,Tilagar
24.96597,91.89244,
24.90616,91.89448,Tilagar
24.89004,91.889273,Tilagar
24.90264,91.86946,South Surma
24.8948,91.869,South Surma
24.9481,91.9721,
24.895812,91.880867,Tilagar
24.91271,91.84914,
24.947,91.8605,
24.912456,91.87511,South Surma
24.88689,91.88524,Tilagar
24.89946,91.84693,South Surma
24.9111,91.8322,South Surma
24.901606,91.870592,South Surma
24.89942,91.86681,South Surma
24.90104,91.86786,South Surma
24.89494,91.88697,Tilagar
24.9101,91.851,South Surma
24.89999,91.89286,Tilagar
24.887,91.8828,Tilagar
24.90263,91.87082,South Surma
24.89952,91.87153,South Surma
24.90062,91.86957,South Surma
24.88953,91.88508,Tilagar
24.89142,91.86943,South Surma
24.8172,92.0077,
24.96657,91.89132,
24.9046,91.85456,South Surma
24.8893,91.8906,Tilagar
24.89938,91.87199,South Surma
24.89231,91.89069,Tilagar
24.904,91.8767,South Surma
24.88968,91.8695,South Surma
24.90608,91.8517,South Surma
24.89011,91.87013,South Surma
24.91281,91.86752,South Surma
24.909,91.8621,South Surma
24.88896,91.88829,Tilagar
24.88836,91.8873,Tilagar
24.9108,91.8722,South Surma
24.89184,91.89306,Tilagar
24.90629,91.85779,South Surma
24.95383,92.01075,
24.5555,91.5426,
24.34203,91.79862,
24.3472,91.74554,
24.3007,91.5967,
24.30933,91.72913,
24.29197,91.73839,
24.31141,91.73324,
24.48917,91.75613,
24.30914,91.73189,
24.3059,91.7344,
24.30797,91.7223,
24.29321,91.739339,
24.30695,91.72904,
24.31109,91.7332,
24.26418,91.7182,
24.29694,91.59476,
24.31031,91.73265,
24.32794,91.73886,
24.4314,91.76116,
24.5999,91.6095,
24.5641,91.506,
24.55815,91.54074,
25.073,91.4029,
25.0711,91.3885,
25.12715,91.09804,
25.099,91.1755,
24.92797,91.44699,
25.0872,91.4052,
24.92231,91.44402,
